method,seed,inertia,iterations,stopping_reason,run_directory
random,0,4.0,2,tolerance_reached,runs/random/seed-0
random,1,4.0,3,tolerance_reached,runs/random/seed-1
random,2,4.0,2,tolerance_reached,runs/random/seed-2
random,3,4.0,2,tolerance_reached,runs/random/seed-3
random,4,4.0,3,tolerance_reached,runs/random/seed-4
random,5,4.0,2,tolerance_reached,runs/random/seed-5
random,10,4.0,2,tolerance_reached,runs/random/seed-10
random,20,4.0,3,tolerance_reached,runs/random/seed-20
random,42,4.0,2,tolerance_reached,runs/random/seed-42
random,123,4.0,2,tolerance_reached,runs/random/seed-123
kmeans++,0,4.0,2,tolerance_reached,runs/kmeanspp/seed-0
kmeans++,1,4.0,2,tolerance_reached,runs/kmeanspp/seed-1
kmeans++,2,4.0,2,tolerance_reached,runs/kmeanspp/seed-2
kmeans++,3,4.0,2,tolerance_reached,runs/kmeanspp/seed-3
kmeans++,4,4.0,2,tolerance_reached,runs/kmeanspp/seed-4
kmeans++,5,4.0,2,tolerance_reached,runs/kmeanspp/seed-5
kmeans++,10,4.0,2,tolerance_reached,runs/kmeanspp/seed-10
kmeans++,20,4.0,2,tolerance_reached,runs/kmeanspp/seed-20
kmeans++,42,4.0,2,tolerance_reached,runs/kmeanspp/seed-42
kmeans++,123,4.0,2,tolerance_reached,runs/kmeanspp/seed-123
